kind,segment,entry_date,exit_date,near_expiry,far_expiry,strike,lot_size,gross_pnl,costs,net_pnl,exit_reason,days_held
monthly,0,2025-10-01,2025-10-08,2025-10-28,2025-11-25,24600,75,-1116.55,310.46,-1427.02,adjustment,7
monthly,1,2025-10-09,2025-10-10,2025-10-28,2025-11-25,25050,75,-983.98,270.7,-1254.68,time_exit,1
monthly,0,2025-10-29,2025-11-04,2025-11-25,2025-12-30,26000,75,-3277.0,309.83,-3586.83,adjustment,6
monthly,1,2025-11-06,2025-11-07,2025-11-25,2025-12-30,25600,75,141.58,295.28,-153.7,time_exit,1
monthly,0,2025-11-26,2025-11-27,2025-12-30,2026-01-27,25850,75,10076.82,351.32,9725.5,target,1
biweekly,0,2025-11-28,2025-12-02,2025-12-09,2025-12-16,26250,75,207.95,201.66,6.29,adjustment,4
biweekly,1,2025-12-03,2025-12-05,2025-12-09,2025-12-16,26000,75,-380.91,187.44,-568.36,breakeven_exit,2
monthly,0,2025-12-31,2026-01-05,2026-01-27,2026-02-24,25950,75,2983.85,300.38,2683.46,target,5
biweekly,0,2026-01-06,2026-01-08,2026-01-20,2026-01-27,26200,65,-1663.51,196.5,-1860.0,adjustment,2
biweekly,1,2026-01-09,2026-01-13,2026-01-20,2026-01-27,25850,65,204.59,182.81,21.78,time_exit,4
biweekly,0,2026-01-14,2026-01-20,2026-01-27,2026-02-03,25650,65,-2584.22,218.24,-2802.46,breakeven_exit,6
biweekly,0,2026-01-21,2026-01-27,2026-02-03,2026-02-10,25150,65,2486.32,244.5,2241.82,target,6
monthly,0,2026-01-28,2026-01-29,2026-02-24,2026-03-31,25250,65,6093.26,322.78,5770.48,target,1
biweekly,0,2026-01-30,2026-02-02,2026-02-10,2026-02-17,25250,65,1777.51,226.21,1551.3,target,3
biweekly,0,2026-02-03,2026-02-10,2026-02-17,2026-02-24,26300,65,-5994.6,223.72,-6218.31,time_exit,7
biweekly,0,2026-02-11,2026-02-18,2026-02-24,2026-03-02,26000,65,1648.97,188.31,1460.66,target,7
biweekly,0,2026-02-19,2026-02-23,2026-03-02,2026-03-10,25850,65,-236.18,202.73,-438.91,breakeven_exit,4
monthly,0,2026-02-25,2026-02-26,2026-03-31,2026-04-28,25500,65,3507.25,311.48,3195.77,target,1
biweekly,0,2026-02-27,2026-03-02,2026-03-10,2026-03-17,25450,65,-1369.92,241.23,-1611.15,adjustment,3
biweekly,1,2026-03-04,2026-03-06,2026-03-10,2026-03-17,24400,65,6138.73,240.75,5897.98,target,2
monthly,0,2026-04-01,2026-04-02,2026-04-28,2026-05-26,22900,65,7166.01,554.55,6611.46,target,1
monthly,0,2026-04-29,2026-05-04,2026-05-26,2026-06-30,24100,65,3056.75,429.76,2626.99,target,5
biweekly,0,2026-05-05,2026-05-07,2026-05-19,2026-05-26,24050,65,1750.78,316.43,1434.35,target,2
biweekly,0,2026-05-08,2026-05-12,2026-05-19,2026-05-26,24250,65,-2201.08,321.08,-2522.16,adjustment,4
biweekly,1,2026-05-13,2026-05-14,2026-05-19,2026-05-26,23350,65,-239.0,285.08,-524.08,breakeven_exit,1
biweekly,0,2026-05-15,2026-05-19,2026-05-26,2026-06-02,23750,65,-162.09,278.72,-440.81,adjustment,4
biweekly,1,2026-05-20,2026-05-22,2026-05-26,2026-06-02,23450,65,-3616.66,252.86,-3869.52,time_exit,2
monthly,0,2026-05-27,2026-06-01,2026-06-30,2026-07-28,23900,65,-3122.49,391.72,-3514.21,adjustment,5
monthly,1,2026-06-02,2026-06-05,2026-06-30,2026-07-28,23250,65,5672.05,390.42,5281.63,target,3
